rank,uri,artist_names,track_name,source,peak_rank,previous_rank,weeks_on_chart,streams
1,"spotify:track:4Oun2ylbjFKMPTiaSbbCih","Cardi B, Megan Thee Stallion","WAP (feat. Megan Thee Stallion)","Atlantic/KSR",1,-1,1,"17268995"
2,"spotify:track:6wQlQrTY5mVS8EGaFZVwVF","Juice WRLD, The Weeknd","Smile (with The Weeknd)","Grade A Productions/Interscope Records",2,-1,1,"9169173"
3,"spotify:track:7ytR5pFWmSjzHJIeQkgog4","DaBaby, Roddy Ricch","ROCKSTAR (feat. Roddy Ricch)","South Coast Music Group/Interscope Records",1,1,17,"8183876"
4,"spotify:track:2U5WueTLIK5WJLD7mvDODv","Juice WRLD","Wishing Well","Grade A Productions/Interscope Records",1,3,5,"7793528"
5,"spotify:track:2Y0wPrPQBrGhoLn14xRYCG","Juice WRLD, Marshmello","Come & Go (with Marshmello)","Grade A Productions/Interscope Records",1,6,5,"7039867"
6,"spotify:track:2MbdDtCv5LUVjYy9RuGTgC","Jack Harlow, Tory Lanez, DaBaby, Lil Wayne","WHATS POPPIN (feat. DaBaby, Tory Lanez & Lil Wayne) - Remix","Generation Now/Atlantic",2,7,8,"6670224"
7,"spotify:track:6UelLqGlWMcVH1E5c4H7lY","Harry Styles","Watermelon Sugar","Columbia",4,9,39,"5950325"
8,"spotify:track:0PvFJmanyNQMseIFrU708S","Pop Smoke, Lil Baby, DaBaby","For The Night (feat. Lil Baby & DaBaby)","Victor Victor Worldwide",2,13,6,"5884373"
9,"spotify:track:0VjIjW4GlUZAMYd2vXMi3b","The Weeknd","Blinding Lights","Republic Records",1,11,37,"5783211"
10,"spotify:track:5rZlwNFl01HqLWBQGryKSm","Pop Smoke, Lil Tjay","Mood Swings (feat. Lil Tjay)","Victor Victor Worldwide",10,32,6,"5673598"
11,"spotify:track:22LAwLoDA5b4AaGSkg6bKW","Lil Mosey","Blueberry Faygo","Mogul Vision/Interscope Records",2,10,27,"5572333"
12,"spotify:track:4pvb0WLRcMtbPGmtejJJ6y","Taylor Swift, Bon Iver","exile (feat. Bon Iver)","Taylor Swift",3,5,3,"5234205"
13,"spotify:track:4R2kfaDFhslZEMJqAFNpdd","Taylor Swift","cardigan","Taylor Swift",1,4,3,"5205183"
14,"spotify:track:1xQ6trAsedVPCdbtDAmk0c","Jawsh 685, Jason Derulo","Savage Love (Laxed - Siren Beat)","Columbia",9,18,9,"4900969"
15,"spotify:track:1H7KnK26kc1YyellpbINEn","Pop Smoke, 50 Cent, Roddy Ricch","The Woo (feat. 50 Cent & Roddy Ricch)","Victor Victor Worldwide",8,19,6,"4825020"
16,"spotify:track:2ygvZOXrIeVL4xZmAWJT2C","Billie Eilish","my future","Darkroom/Interscope Records",2,2,2,"4704347"
17,"spotify:track:0Jlcvv8IykzHaSmj49uNW8","Taylor Swift","the 1","Taylor Swift",2,8,3,"4505051"
18,"spotify:track:4K06PO78fW4mnBVenxGNob","Juice WRLD","Conversations","Grade A Productions/Interscope Records",3,17,5,"4390100"
19,"spotify:track:3IJYUaN3tx04S4TYyZHKoP","StaySolidRocky","Party Girl","Columbia",2,21,14,"4298802"
20,"spotify:track:6EDO9iiTtwNv6waLwa1UUq","DJ Khaled, Drake","POPSTAR (feat. Drake)","OVO/We The Best/Epic",4,14,4,"4266273"
21,"spotify:track:2Wo6QQD1KMDWeFkkjLqwx5","SAINt JHN, Imanbek","Roses - Imanbek Remix","Craft Recordings",5,26,25,"4214678"
22,"spotify:track:0ada5XsQGLPUVbmTCkAP49","Juice WRLD, Marshmello, The Kid LAROI, Polo G","Hate The Other Side (with Marshmello & The Kid Laroi)","Grade A Productions/Interscope Records",5,23,5,"4184510"
23,"spotify:track:1IIKrJVP1C9N7iPtG6eOsK","Chris Brown, Young Thug","Go Crazy","Chris Brown Entertainment/300 Entertainment/RCA Records",23,28,12,"4026181"
24,"spotify:track:6gxKUmycQX7uyMwJcweFjp","Lil Baby, 42 Dugg","We Paid (feat. 42 Dugg)","Quality Control/Motown Records",9,27,11,"3818488"
25,"spotify:track:0nbXyq5TXYPCO7pr3N8S4I","Roddy Ricch","The Box","Atlantic Records",1,31,36,"3773448"
26,"spotify:track:35RJhm1pEovTBwnNR0zWad","DJ Khaled, Drake","GREECE (feat. Drake)","OVO/We The Best/Epic",12,38,4,"3733855"
27,"spotify:track:5dOxHHMOFAbG3VH23t0xNm","Juice WRLD","Righteous","Grade A Productions/Interscope Records",2,30,16,"3683991"
28,"spotify:track:1ENdcyhqdylaLsPVgB83qq","Rod Wave, ATR Son Son","Rags2Riches (feat. ATR Son Son)","Alamo",15,20,7,"3623215"
29,"spotify:track:7eJMfftS33KTjuF7lTsMCx","Powfu, beabadoobee","death bed (coffee for your head)","Columbia",9,40,26,"3593960"
30,"spotify:track:285pBltuF7vW8TeWk8hdRR","Juice WRLD","Lucid Dreams","Juice WRLD Mixtape / ISR P&D",1,43,119,"3467296"
31,"spotify:track:3nS9a01VvXHQriLqJYwRqG","Gunna, Young Thug","DOLLAZ ON MY HEAD (feat. Young Thug)","300 Entertainment",19,39,12,"3397466"
32,"spotify:track:2Eeur20xVqfUoM3Q7EFPFt","Taylor Swift","the last great american dynasty","Taylor Swift",4,12,3,"3367769"
33,"spotify:track:70rFIfYN7lU6iTgUIVP42w","Machine Gun Kelly, blackbear","my ex's best friend (with blackbear)","Bad Boy/Interscope Records",33,-1,1,"3350244"
34,"spotify:track:21jGcNKet2qwijlDFuPiPb","Post Malone","Circles","Republic Records",1,45,50,"3336255"
35,"spotify:track:3hUxzQpSfdDqwM3ZTFQY0K","Taylor Swift","august","Taylor Swift",6,15,3,"3294062"
36,"spotify:track:2rPHUAeUPbNgTmK18FPTiZ","The Kid LAROI, Juice WRLD","GO (feat. Juice WRLD)","Columbia",15,35,9,"3270682"
37,"spotify:track:0RiRZpuVRbi7oqRdSMwhQY","Post Malone, Swae Lee","Sunflower - Spider-Man: Into the Spider-Verse","Republic Records",1,47,95,"3257054"
38,"spotify:track:5wWAwzGp2OaaoIkwcz6wZs","Juice WRLD, Halsey","Life's A Mess (feat. Halsey)","Grade A Productions/Interscope Records",4,37,6,"3229764"
39,"spotify:track:0qJeyYAgv6UpvewUxRXAhb","Rod Wave, Lil Baby","Rags2Riches 2 (feat. Lil Baby)","Alamo",39,-1,1,"3226885"
40,"spotify:track:1Cv1YLb4q0RzL6pybtaMLo","Surfaces","Sunday Best","Surfaces Music / TenThousand Projects, LLC",14,44,30,"3209994"
41,"spotify:track:1MgV7FIyNxIG7WzMRJV5HC","Taylor Swift","my tears ricochet","Taylor Swift",5,16,3,"3193902"
42,"spotify:track:466cKvZn1j45IpxDdYZqdA","Drake","Toosie Slide","OVO",1,48,19,"3170908"
43,"spotify:track:0EhpEsp4L0oRGM0vmeaN5e","J Balvin, Dua Lipa, Bad Bunny, Tainy","UN DIA (ONE DAY) (Feat. Tainy)","Universal Music Latino/ NEON16",43,49,3,"3148273"
44,"spotify:track:4VXIryQMWpIdGgYR4TrjT1","Juice WRLD","All Girls Are The Same","Juice WRLD Mixtape / ISR P&D",13,61,120,"3094167"
45,"spotify:track:5f1joOtoMeyppIcJGZQvqJ","Kane Brown, Swae Lee, Khalid","Be Like That - feat. Swae Lee & Khalid","RCA Records Label Nashville",45,80,5,"3093365"
46,"spotify:track:6Hj9jySrnFppAI0sEMCZpJ","Juice WRLD","Robbery","Grade A Productions/Interscope Records",3,54,78,"3091008"
47,"spotify:track:5v4GgrXPMghOnBBLmveLac","Megan Thee Stallion, Beyoncé","Savage Remix (feat. Beyoncé)","300 Entertainment",5,63,16,"3084300"
48,"spotify:track:1jaTQ3nqY3oAAYyCTbIvnM","Jack Harlow","WHATS POPPIN","Generation Now/Atlantic",6,51,29,"2930061"
49,"spotify:track:3jjujdWJ72nww5eGnfs2E7","Harry Styles","Adore You","Columbia",3,57,36,"2927409"
50,"spotify:track:1K5KBOgreBi5fkEHvg5ap3","Future, Drake","Life Is Good (feat. Drake)","Epic/Freebandz",2,65,31,"2917265"
51,"spotify:track:527k23H0A4Q0UJN3vGs0Da","Don Toliver","After Party","We Run It Ent./Cactus Jack/Atlantic",13,56,19,"2905311"
52,"spotify:track:3tjFYV6RSFtuktYl3ZtYcq","24kGoldn, iann dior","Mood (feat. iann dior)","Records/Columbia",52,-1,1,"2883360"
53,"spotify:track:6VsvKPJ4xjVNKpI8VVZ3SV","Taylor Swift","invisible string","Taylor Swift",9,22,3,"2877441"
54,"spotify:track:4umIPjkehX1r7uhmGvXiSV","Justin Bieber, Quavo","Intentions (feat. Quavo)","RBMG/Def Jam",2,59,27,"2858314"
55,"spotify:track:3JKgcAa7r07ocVWcV8bS0H","Polo G","21","Columbia",54,64,13,"2842228"
56,"spotify:track:39Yp9wwQiSRIDOvrVg7mbk","THE SCOTTS, Travis Scott, Kid Cudi","THE SCOTTS","Cactus Jack / Epic",1,42,16,"2824235"
57,"spotify:track:25zlnOAzbVoOzIeXSvQFf1","Pop Smoke","Got It On Me","Victor Victor Worldwide",15,36,6,"2814187"
58,"spotify:track:2QqJTIlGKRLJC3onkavYEz","Polo G, Juice WRLD","Flex (feat. Juice WRLD)","Columbia",22,67,13,"2790876"
59,"spotify:track:4xqrdfXkTW4T0RauPLv3WA","Conan Gray","Heather","Republic Records",59,77,6,"2766976"
60,"spotify:track:4wVOKKEHUJxHCFFNUWDn0B","Drake, Giveon","Chicago Freestyle (feat. Giveon)","OVO",10,69,15,"2765193"
61,"spotify:track:0fCwrjKfWxF3xQhZrYUw4T","Juice WRLD","Blood On My Jeans","Grade A Productions/Interscope Records",8,46,5,"2760514"
62,"spotify:track:2gMXnyrvIjhVBUZwvLZDMP","Lewis Capaldi","Before You Go","Vertigo Berlin",42,70,38,"2755668"
63,"spotify:track:7ju97lgwC2rKQ6wwsf9no9","Lady Gaga, Ariana Grande","Rain On Me (with Ariana Grande)","Interscope",2,62,12,"2741041"
64,"spotify:track:4Hpib09wXgD84w4uwTPnYD","Saweetie","Tap In","ICY/Artistry Records/Warner Records",64,105,5,"2730687"
65,"spotify:track:0VTfHLWzaUUb2Lbw84xOdX","NLE Choppa, Roddy Ricch","Walk Em Down (feat. Roddy Ricch)","Warner Records",11,73,21,"2727932"
66,"spotify:track:44gRhRi2OhEf7moAUj6MD1","Lil Baby","The Bigger Picture","Quality Control Music/Motown Records",5,58,9,"2693547"
67,"spotify:track:7qEHsqek33rTcFNT9PFqLf","Lewis Capaldi","Someone You Loved","Vertigo Berlin",6,71,68,"2682139"
68,"spotify:track:2GiJYvgVaD2HtM8GqD9EgQ","BØRNS","Electric Love","UMGRI Interscope",68,93,8,"2668415"
69,"spotify:track:6WbTTAGKrQtCQvmc5BuYfh","Megan Thee Stallion","Girls in the Hood","300 Entertainment",37,114,7,"2664084"
70,"spotify:track:0ZNU020wNYvgW84iljPkPP","Taylor Swift","mirrorball","Taylor Swift",7,25,3,"2658812"
71,"spotify:track:79s5XnCN4TJKTVMSmOx8Ep","Pop Smoke","Dior","Victor Victor Worldwide/Republic Records",18,66,23,"2640766"
72,"spotify:track:6KJqZcs9XDgVck7Lg9QOTC","Taylor Swift","seven","Taylor Swift",8,24,3,"2631867"
73,"spotify:track:5kI4eCXXzyuIUXjQra0Cxi","Taylor Swift","betty","Taylor Swift",14,34,3,"2606041"
74,"spotify:track:3H7ihDc1dqLriiWXwsc2po","Topic, A7S","Breaking Me","Virgin",69,95,12,"2594330"
75,"spotify:track:4iHSE5R1U8jf84tRn52xRt","iann dior, Lil Baby","Prospect (feat. Lil Baby)","TenThousand Projects, LLC",42,102,10,"2546698"
76,"spotify:track:6gBFPUFcJLzWGx4lenP6h2","Travis Scott","goosebumps","Cactus Jack / Epic",8,72,189,"2531380"
77,"spotify:track:2D0dj3hVkRQJCp63cxCPEx","Curtis Waters, Harm Franklin","Stunnin' (feat. Harm Franklin)","BMG Rights Management (US) LLC",66,82,8,"2514012"
78,"spotify:track:2T5NBwKRySiCR78vVk08vr","DaBaby, Young Thug","BLIND (feat. Young Thug)","South Coast Music Group/Interscope Records",78,-1,1,"2495128"
79,"spotify:track:017PF4Q3l4DBUiWoXk4OWT","Dua Lipa","Break My Heart","Warner Records",14,89,20,"2493697"
80,"spotify:track:57RA3JGafJm5zRtKJiKPIm","Wallows, Clairo","Are You Bored Yet? (feat. Clairo)","Atlantic Records",73,75,14,"2491299"
81,"spotify:track:7kt9e9LFSpN1zQtYEl19o1","Taylor Swift","this is me trying","Taylor Swift",10,29,3,"2481509"
82,"spotify:track:2NmsngXHeC1GQ9wWrzhOMf","Taylor Swift","illicit affairs","Taylor Swift",11,33,3,"2472544"
83,"spotify:track:7aiClxsDWFRQ0Kzk5KI5ku","blackbear","hot girl bummer","Alamo",4,79,51,"2440608"
84,"spotify:track:696DnlkuDOXcMAnKlTgXXK","Arizona Zervas","ROXANNE","Arizona Zervas",1,78,42,"2433076"
85,"spotify:track:4HBZA5flZLE435QTztThqH","Ariana Grande, Justin Bieber","Stuck with U (with Justin Bieber)","Ariana Grande & Justin Bieber ""Stuck With U""- Charity",3,94,14,"2428866"
86,"spotify:track:6Ed1q0X8oSKSm4IIhiQbYg","Joji, Diplo","Daylight","88rising Music/12Tone Music, LLC/Columbia",86,-1,1,"2428301"
87,"spotify:track:4LcK9e7Sls3xlBth2WuBp2","NLE Choppa, Lil Baby","Narrow Road (feat. Lil Baby)","Warner Records",60,60,2,"2410766"
88,"spotify:track:3eekarcy7kvN4yt5ZFzltW","Travis Scott","HIGHEST IN THE ROOM","Cactus Jack/Epic",1,83,45,"2406652"
89,"spotify:track:3Z8FwOEN59mRMxDCtb8N0A","Marshmello, Halsey","Be Kind (with Halsey)","Astralwerks",13,84,15,"2404577"
90,"spotify:track:3QzAOrNlsabgbMwlZt7TAY","Mustard, Roddy Ricch","Ballin' (with Roddy Ricch)","10 Summers Records/Interscope Records",11,92,54,"2377976"
91,"spotify:track:2rRJrJEo19S2J82BDsQ3F7","Trevor Daniel","Falling","Alamo",5,85,39,"2367545"
92,"spotify:track:76MjtLfZoTNc3BDqUVjuRH","Future, Lil Uzi Vert","Patek","Generation Now/Atlantic",92,101,2,"2281862"
93,"spotify:track:6Gg1gjgKi2AK4e0qzsR7sd","Juice WRLD, YoungBoy Never Broke Again","Bandit (with YoungBoy Never Broke Again)","Grade A Productions/Interscope Records",2,99,45,"2279653"
94,"spotify:track:21CkzgKCBCq5V4XKjiGSIj","Juice WRLD","Stay High","Grade A Productions/Interscope Records",13,74,5,"2262040"
95,"spotify:track:3kwgqoBqTwoAH4nT29TYrq","Maroon 5","Nobody's Love","Interscope Records*",49,76,3,"2253859"
96,"spotify:track:07KXEDMj78x68D884wgVEm","Roddy Ricch, Mustard","High Fashion (feat. Mustard)","Atlantic Records",5,106,33,"2220432"
97,"spotify:track:6foY66mWZN0pSRjZ408c00","Morgan Wallen","Whiskey Glasses","Big Loud Records",66,112,69,"2184910"
98,"spotify:track:2xLMifQCjDGFmkHkpNLD9h","Travis Scott","SICKO MODE","Cactus Jack / Epic",1,104,106,"2179640"
99,"spotify:track:2h4cmbyb6S7e8igDZIITJU","Lil Durk, Lil Baby, Polo G","3 Headed Goat (feat. Lil Baby & Polo G)","Alamo",59,108,8,"2179325"
100,"spotify:track:4FFC7McrnnwAWKbAqbckTP","Aminé","Woodlawn","Republic Records",100,-1,1,"2175285"
101,"spotify:track:2QDyYdZyhlP2fp79KZX8Bi","Taylor Swift","mad woman","Taylor Swift",15,41,3,"2158355"
102,"spotify:track:40rOlDoGejXXF4B0BYsjx8","Glass Animals","Tangerine","Polydor Records",102,-1,1,"2146609"
103,"spotify:track:62aP9fBQKYKxi7PDXwcUAS","Surf Mesa, Emilee","ily (i love you baby) (feat. Emilee)","Astralwerks",49,107,19,"2142996"
104,"spotify:track:7m9OqQk4RVRkw9JJdeAw96","XXXTENTACION","Jocelyn Flores","Bad Vibes Forever / EMPIRE",3,110,155,"2132072"
105,"spotify:track:5MwynWK9s4hlyKHqhkNn4A","Morgan Wallen","Chasin' You","Big Loud Records",55,116,24,"2116846"
106,"spotify:track:6Ozh9Ok6h4Oi1wUSLtBseN","DaBaby","BOP","South Coast Music Group/Interscope Records",3,109,46,"2115048"
107,"spotify:track:3PfIrDoz19wz7qK7tYeu62","Dua Lipa","Don't Start Now","Warner Records",5,113,41,"2114244"
108,"spotify:track:7d94IqWX2UmSKMGUYSGFJG","Juice WRLD","Bad Energy","Grade A Productions/Interscope Records",10,90,5,"2111407"
109,"spotify:track:5JAYDuLRkODlVt6dgoalKk","Juice WRLD, Trippie Redd","Tell Me U Luv Me (with Trippie Redd)","Grade A Productions/Interscope Records",10,91,11,"2109365"
110,"spotify:track:1rgnBhdG2JDFTbYkYRZAku","Tones And I","Dance Monkey","Elektra (NEK)",7,115,54,"2102394"
111,"spotify:track:4nK5YrxbMGZstTLbvj6Gxw","BENEE, Gus Dapperton","Supalonely","Republic Records",23,100,24,"2094087"
112,"spotify:track:7AvprzMsRJpybaalckaT8c","Juice WRLD","Man Of The Year","Grade A Productions/Interscope Records",18,97,5,"2087345"
113,"spotify:track:2FVMbLuIxo0dz3KLXgN6Jh","Money Man","24","Black Circle / EMPIRE",113,156,2,"2087247"
114,"spotify:track:3FU6urUVsgXa6RBuV2PdRk","Diplo, Morgan Wallen","Heartless (feat. Morgan Wallen)","Columbia",57,117,51,"2084027"
115,"spotify:track:45bE4HXI0AwGZXfZtMp8JR","Tate McRae","you broke me first","RCA Records Label",115,122,4,"2055011"
116,"spotify:track:1YM6c2sxbf2Jacl9IFgn4I","Juice WRLD","Titanic","Grade A Productions/Interscope Records",9,96,5,"2045881"
117,"spotify:track:6FniJZn4agmDtPx1pKZQsa","Morgan Wallen","More Than My Hometown","Big Loud / Republic",57,103,16,"2033390"
118,"spotify:track:7FIWs0pqAYbP91WWM0vlTQ","Eminem, Juice WRLD","Godzilla (feat. Juice WRLD)","Shady/Aftermath/Interscope Records",2,120,30,"2031803"
119,"spotify:track:1Y3TlYJNhIa7k4YAvFkJAB","Luke Bryan","One Margarita","Capitol Records Nashville",119,-1,5,"2014784"
120,"spotify:track:3ZCTVFBt2Brf31RLEnCkWJ","Billie Eilish","everything i wanted","Darkroom/Interscope Records",1,87,40,"2013915"
121,"spotify:track:0rKtyWc8bvkriBthvHKY8d","Joji","SLOW DANCING IN THE DARK","88rising Music/Warner Records",29,124,99,"1994445"
122,"spotify:track:7MbT4I8qGntX4fMdqMQgke","Taylor Swift","peace","Taylor Swift",19,50,3,"1994112"
123,"spotify:track:7pbg3ABlAZv2NiIdKbBBFm","Juice WRLD","Up Up And Away","Grade A Productions/Interscope Records",15,98,5,"1991833"
124,"spotify:track:5esKpsrB3TbGHwFaAjIGMx","A$AP Ferg, Nicki Minaj, MadeinTYO","Move Ya Hips (feat. Nicki Minaj & MadeinTYO)","A$AP Worldwide/Polo Grounds Music/RCA Records",55,55,2,"1956739"
125,"spotify:track:3aA6xB0tOilDDX17fIJ0Bl","Doja Cat","Freak","Kemosabe Records/RCA Records",125,-1,1,"1942683"
126,"spotify:track:08fa9LFcFBTcilB3iq2e2A","Taylor Swift","epiphany","Taylor Swift",18,52,3,"1932696"
127,"spotify:track:2HbKqm4o0w5wEeEFXm2sD4","Kendrick Lamar, Jay Rock","Money Trees","Aftermath",127,191,2,"1930317"
128,"spotify:track:3ee8Jmje8o58CHK66QrVC2","XXXTENTACION","SAD!","Bad Vibes Forever, LLC",1,126,128,"1924954"
129,"spotify:track:2kJwzbxV2ppxnQoYw4GLBZ","JP Saxe, Julia Michaels","If the World Was Ending (feat. Julia Michaels)","Arista Records",47,127,40,"1911166"
130,"spotify:track:3Dv1eDb0MEgF93GpLXlucZ","Doja Cat","Say So","Kemosabe Records/RCA Records",3,128,34,"1902035"
131,"spotify:track:0FlfN5cbUUpIHCRH8X1M44","J. Cole","t h e . c l i m b . b a c k","Dreamville, Inc., Under exclusive license to Roc Nation Records",33,86,4,"1892410"
132,"spotify:track:2JvzF1RMd7lE3KmFlsyZD8","J. Cole","MIDDLE CHILD","Dreamville, Inc., Under exclusive license to Roc Nation Records",1,130,82,"1873443"
133,"spotify:track:1ZMiCix7XSAbfAJlEZWMCp","Harry Styles","Falling","Columbia",11,134,35,"1841532"
134,"spotify:track:78QR3Wp35dqAhFEc2qAGjE","Lil Baby, Gunna","Drip Too Hard (Lil Baby & Gunna)","Quality Control Music/Young Stoner Life Records, a 300 Entertainment Label/Motown Records/Capitol Records",1,135,100,"1835328"
135,"spotify:track:0u2P5u6lvoDfwTYjAADbn4","Billie Eilish, Khalid","lovely (with Khalid)","Darkroom",24,125,121,"1823547"
136,"spotify:track:6gi6y1xwmVszDWkUqab1qw","JACKBOYS, Travis Scott, Young Thug","OUT WEST (feat. Young Thug)","Cactus Jack/Epic",6,180,33,"1815372"
137,"spotify:track:3jT2LKH0RSbQ8jIUNFzXm5","G Herbo, Lil Uzi Vert, Juice WRLD, Chance the Rapper","PTSD","Machine Entertainment Group - G Herbo",31,133,24,"1814343"
138,"spotify:track:56uXDJRCuoS7abX3SkzHKQ","Lil Uzi Vert","Myron","Generation Now/Atlantic",2,139,22,"1799371"
139,"spotify:track:5kkaSMcf4BFlhRRICCKZb6","Pop Smoke","Something Special","Victor Victor Worldwide",35,137,6,"1796557"
140,"spotify:track:2Fxmhks0bxGSBdJ92vM42m","Billie Eilish","bad guy","Darkroom/Interscope Records",1,121,72,"1795951"
141,"spotify:track:7xQAfvXzm3AkraOtGPWIZg","Post Malone","Wow.","Republic Records",2,138,86,"1789527"
142,"spotify:track:0GO8y8jQk1PkHzS31d699N","GROUPLOVE","Tongue Tied","Canvasback/ATL",121,145,18,"1786047"
143,"spotify:track:4ja2gzrNh9VNigzoXfmbwD","Peach Tree Rascals","Mariposa","Homemade Projects, LLC / TenThousand Projects, LLC",104,142,7,"1770009"
144,"spotify:track:0e7ipj03S05BNilyu5bRzt","Post Malone, 21 Savage","rockstar (feat. 21 Savage)","Republic Records",1,140,152,"1766256"
145,"spotify:track:6N22FZs2ZhPBYi3b9XPajV","Labrinth","Still Don't Know My Name","Masterworks",145,-1,1,"1764835"
146,"spotify:track:4NhDYoQTYCdWHTvlbGVgwo","6ix9ine","GOOBA","Scumgang Records",4,132,14,"1763735"
147,"spotify:track:5wujBwqG7INdStqGd4tRMX","Juice WRLD","Armed And Dangerous","Juice WRLD Mixtape / ISR P&D",9,146,87,"1763429"
148,"spotify:track:2rxQMGVafnNaRaXlRMWPde","Luke Combs","Beautiful Crazy","River House Artists/Columbia Nashville",61,141,109,"1761099"
149,"spotify:track:6XHVuErjQ4XNm6nDPVCxVX","Chris Brown, Drake","No Guidance (feat. Drake)","Chris Brown Entertainment/RCA Records",5,155,62,"1744519"
150,"spotify:track:0440JCJyIAmINA8KcYgFb5","Juice WRLD","Fighting Demons","Grade A Productions/Interscope Records",14,118,5,"1740376"
151,"spotify:track:75ZvA4QfFiZvzhj2xkaWAh","Post Malone","I Fall Apart","Universal Records",2,147,152,"1728506"
152,"spotify:track:76nqCfJOcFFWBJN32PAksn","Ava Max","Kings & Queens","Atlantic Records",141,165,8,"1727173"
153,"spotify:track:3DA4SE262k6rdEtlHteNyq","Maddie & Tae","Die From A Broken Heart","Mercury Nashville",114,150,5,"1724264"
154,"spotify:track:6MWoRt97mnSTXZhu3ggi9C","Taylor Swift","hoax","Taylor Swift",20,68,3,"1723020"
155,"spotify:track:4PPLJAEYBSOcnzr9TZoqf9","Juice WRLD","Can't Die","Grade A Productions/Interscope Records",20,123,5,"1713892"
156,"spotify:track:5jbDih9bLGmI8ycUKkN5XA","Logic","Perfect","Def Jam Recordings",30,111,3,"1709931"
157,"spotify:track:7GX5flRQZVHRAGd6B4TmDO","Lil Uzi Vert","XO Tour Llif3","Generation Now/Atlantic",2,143,176,"1703676"
158,"spotify:track:6bvfJf4KjonPMuPfGfy3S2","Nio Garcia, Anuel AA, Myke Towers, Brray, Juanka","La Jeepeta - Remix","Flow La Movie, Inc.",151,151,4,"1697382"
159,"spotify:track:5ovVcYo2MvjVydFwFyaaqy","Dan + Shay","I Should Probably Go To Bed","Warner Music Nashville",81,81,2,"1687290"
160,"spotify:track:57Oi4yqY27uJzCyqFWIP5q","NextYoungin, ppcocaine","3 Musketeers","Columbia",160,-1,1,"1685959"
161,"spotify:track:4S2uhQE8L9V6p7rj7SiauJ","YNW Melly, Juice WRLD","Suicidal (feat. Juice WRLD) - Remix","P2020",21,153,22,"1682637"
162,"spotify:track:6J2LdBN97cDWn0MLxYh9HB","Noah Cyrus","July","Records/Columbia",56,149,43,"1673188"
163,"spotify:track:3USxtqRwSYz57Ewm6wWRMp","Glass Animals","Heat Waves","Polydor Records",163,-1,1,"1662963"
164,"spotify:track:6cx06DFPPHchuUAcTxznu9","Joel Corry, MNEK","Head & Heart (feat. MNEK)","Atlantic Records UK",164,-1,1,"1660243"
165,"spotify:track:6K4t31amVTZDgR3sKmwUJJ","Tame Impala","The Less I Know The Better","Universal Music Australia Pty. Ltd.",119,162,48,"1655132"
166,"spotify:track:3HWzoMvoF3TQfYg4UPszDq","Lizzo","Truth Hurts","Nice Life/Atlantic",3,160,69,"1652058"
167,"spotify:track:6uFn47ACjqYkc0jADwEdj1","Polo G, Lil Tjay","Pop Out (feat. Lil Tjay)","Columbia",8,158,73,"1643247"
168,"spotify:track:0uxSUdBrJy9Un0EYoBowng","Lil Uzi Vert","20 Min","Generation Now/Atlantic",120,172,29,"1641407"
169,"spotify:track:1E3VQQWFQAPJkXfYHjqWoI","Megan Thee Stallion","Captain Hook","300 Entertainment",83,-1,11,"1639776"
170,"spotify:track:41LhQUkElADQ5YUbpYv2D0","$uicideboy$","...And to Those I Love, Thanks for Sticking Around","G59 Records",82,148,13,"1637361"
171,"spotify:track:23T0OX7QOiIUFShSzbJ5Uo","Gabby Barrett","I Hope","Warner Music Nashville",72,163,28,"1631582"
172,"spotify:track:43zdsphuZLzwA9k4DJhU0I","Billie Eilish","when the party's over","Darkroom/Interscope Records",5,136,96,"1626492"
173,"spotify:track:4F6YLjakjqWFTgC5qfEwPQ","Juice WRLD","Screw Juice","Grade A Productions/Interscope Records",16,131,5,"1624399"
174,"spotify:track:3jlxX3VXPiY3lvBBbppQD3","The Kid LAROI","TELL ME WHY","Columbia",88,129,4,"1623237"
175,"spotify:track:45npF3MKvCa1sO7s4y7qBf","Moneybagg Yo","Said Sum","N-Less Entertainment, LLC distributed by Interscope Records. With Epic Records and CMG Enterprises.",167,187,4,"1620427"
176,"spotify:track:7AQim7LbvFVZJE3O8TYgf2","XXXTENTACION, Trippie Redd","Fuck Love","Bad Vibes Forever / EMPIRE",8,164,154,"1619888"
177,"spotify:track:55CHeLEfn5iJ0IIkgaa4si","Megan Thee Stallion","Savage","300 Entertainment",9,200,21,"1619224"
178,"spotify:track:2KoHxhRyWxJzA0VafWd5Nk","Sam Smith, Burna Boy","My Oasis (feat. Burna Boy)","Capitol",119,119,2,"1617938"
179,"spotify:track:2gwkD6igEhQbDQegRCcdoB","DaBaby","Suge","South Coast Music Group/Interscope Records",4,157,72,"1617753"
180,"spotify:track:2Yer0p7uB2lVBUAtANuuQp","Social House, Lil Yachty","Magic In The Hamptons (feat. Lil Yachty)","Silent Records / Social House",83,161,26,"1609269"
181,"spotify:track:2wrJq5XKLnmhRXHIAf9xBa","Dan + Shay, Justin Bieber","10,000 Hours (with Justin Bieber)","Warner Music Nashville",2,159,45,"1606127"
182,"spotify:track:5ry2OE6R2zPQFDO85XkgRb","Drake, Rick Ross","Money In The Grave (Drake ft. Rick Ross)","Republic Records",1,174,61,"1603798"
183,"spotify:track:61KoN6PlBhQD7sivCcf0hA","Aminé, Young Thug","Compensating (feat. Young Thug)","Republic Records",183,-1,1,"1598068"
184,"spotify:track:2ajzBr7vwHTEBeqDzcsNRC","Lil Uzi Vert","That Way - Bonus Track","Generation Now/Atlantic",3,167,24,"1592937"
185,"spotify:track:62vpWI1CHwFy7tMIcSStl8","J. Cole","No Role Modelz","Roc Nation Records LLC",65,170,131,"1592440"
186,"spotify:track:3oDkdAySo1VQQG0ptV7uwa","Juice WRLD","Lean Wit Me","Juice WRLD Mixtape / ISR P&D",28,181,86,"1592160"
187,"spotify:track:2b8fOow8UzyDFAE27YhOZM","Maroon 5","Memories","Interscope Records*",9,177,47,"1589525"
188,"spotify:track:4ejNoyrhgjrioqJbgTNPu3","Thomas Rhett, Kane Brown, Ava Max","On Me (feat. Ava Max) - From 'SCOOB!' The Album","P2020",114,-1,9,"1588266"
189,"spotify:track:24IgCW19L8lXKyFZwzFtD3","Black Eyed Peas, Ozuna, J. Rey Soul","MAMACITA","Epic",117,175,10,"1586557"
190,"spotify:track:0t3ZvGKlmYmVsDzBJAXK8C","Post Malone, Young Thug","Goodbyes (feat. Young Thug)","Republic Records",1,173,58,"1573126"
191,"spotify:track:7ge7BHazYbVKi8qyZUX1Bm","Lil Baby","Emotionally Scarred","Quality Control/Motown Records",45,168,18,"1571207"
192,"spotify:track:1lOe9qE0vR9zwWQAOk6CoO","Lil Tecca","Ransom","Republic Records",1,166,64,"1567620"
193,"spotify:track:1sgDyuLooyvEML4oHspNza","Kygo, OneRepublic","Lose Somebody","Kygo",45,186,13,"1561282"
194,"spotify:track:5f4Hy5mw5SRaUgXX9c6P5S","Lil Baby","Sum 2 Prove","Quality Control/Motown Records",18,171,31,"1559991"
195,"spotify:track:6nDSLDomNqfet6w0r1GHAz","Gunna, Lil Uzi Vert","RELENTLESS (feat. Lil Uzi Vert)","300 Entertainment",69,152,3,"1554365"
196,"spotify:track:0JP9xo3adEtGSdUEISiszL","XXXTENTACION","Moonlight","Bad Vibes Forever, LLC",3,179,125,"1551742"
197,"spotify:track:7dt6x5M1jzdTEt8oCbisTK","Post Malone","Better Now","Republic Records",1,182,119,"1551694"
198,"spotify:track:0RLLvYBopDwooCyvnTwgYu","Lil Tjay","F.N","Columbia",25,178,52,"1544897"
199,"spotify:track:6fWa5CRgy0z30OeGZyMBvD","Rod Wave","Heart On Ice","Alamo",47,185,30,"1534832"
200,"spotify:track:7IMwEtpAiJanqF6vQteZN2","NAV, Gunna, Travis Scott","Turks (with Gunna & ft. Travis Scott)","Republic Records",4,169,20,"1529026"
